INSERT INTO AspNetRoles
VALUES ('D4D215DB-F449-4DE0-DDCA-08DC57988AAD','User','USER',null),
	   ('53B75A92-3432-4FCB-DDCB-08DC57988AAD','Employee','EMPLOYEE',null),
	   ('EB17BF99-505C-4EF3-DDCC-08DC57988AAD','Manager','MANAGER',null),
	   ('5CAD2A57-86FC-4D6A-DDCD-08DC57988AAD','Admin','ADMIN',null),
	   ('69004A1C-013B-4BD5-DDCE-08DC57988AAD','Deliver','DELIVER',null)

INSERT INTO AspNetUsers
VALUES ('B0751FBA-21F2-4DD5-4736-08DC57988B3B', 'AdminFirstName', 'AdminLastName', ' ', ' ', ' ', ' ', NULL, 'AdminUser', 'ADMINUSER', 'adminRMS@codingburgas.bg', 'ADMINRMS@CODINGBURGAS.BG', 0, 'AQAAAAIAAYagAAAAEC4tbBuwPZCkUBpQbS9qiQJF3Z6Md7y3/K/vONQ9zUl4qQ4La+sUQBxoePd3s8LCBw==', 'DXXOBYGNET6IJJ3GWGVRGUFJXVJ65XSW', 'a48ed6a0-32f5-49f8-a2b0-f68a81e8c938', NULL, 0, 0, NULL, 1, 0),
('B17A7108-BE76-4609-4737-08DC57988B3B', 'Християн', 'Кимрянов', ' ', 'Бургас', ' ', ' ', NULL, 'Християн_Кимрянов', 'HRISTIYAN_KIMRYANOV', 'HHKimryanov@codingburgas.bg', 'HHKIMRYANOV@CODINGBURGAS.BG', 0, 'AQAAAAIAAYagAAAAEKtbIj/xlJ4a8eImgdYVgR47F2t5iobI4k1qmI6b3jl4a0BfwZ9IqDgvVcbWHriExw==', 'OFY65MZEV5667BF3WTJ2QWYMLMAM2ODW', 'b4ac7096-d20e-41d3-ad1d-9610a48b5b92', NULL, 0, 0, NULL, 1, 0),
('892CB23D-2E3E-4BBB-4738-08DC57988B3B', 'Иван', 'Иванов', ' ', ' ', ' ', ' ', '98BB2517-E9A4-4E75-2127-08DC57996799', 'Иван_Иванов', 'ИВАН_ИВАНОВ', 'ivan_ivanov@gmail.com', 'IVAN_IVANOV@GMAIL.COM', 0, 'AQAAAAIAAYagAAAAEDM5GSEJ5DDF29oSvjK8UKaQADHd9R8tMfZxLHlXGfpXTZdu+WiZdGEvOFeWlaSiOg==', 'EFQ2G4R3KRORQL4IQOJLZF6WCE5LND4G', '592b981f-8bdc-494a-bb24-d48891cdc078', NULL, 0, 0, NULL, 1, 0),
('91A2C661-272B-45C3-4739-08DC57988B3B', 'Петко', 'Петков', ' ', ' ', ' ', ' ', 'DFEAE8C1-1884-4891-2128-08DC57996799', 'Пето_Петков', 'ПЕТКО_ПЕТКОВ', 'petko_petkov@gmail.com', 'PETKO_PETKOV@GMAIL.COM', 0, 'AQAAAAIAAYagAAAAEAh5ve51iaM2Tbef1YWgDF2EqT/bSXgdbX75uTOInz8Id1+zT/t6Msy2Twnk4PBTVA==', 'E22HAVIB7ALWV2K4YFFP6TVB7SMENFBY', '98f91647-1fd5-4082-bb91-79c0fcaab03b', NULL, 0, 0, NULL, 1, 0)

INSERT INTO AspNetUserRoles
VALUES ('B17A7108-BE76-4609-4737-08DC57988B3B','D4D215DB-F449-4DE0-DDCA-08DC57988AAD'),
('892CB23D-2E3E-4BBB-4738-08DC57988B3B','EB17BF99-505C-4EF3-DDCC-08DC57988AAD'),
('91A2C661-272B-45C3-4739-08DC57988B3B','EB17BF99-505C-4EF3-DDCC-08DC57988AAD'),
('B0751FBA-21F2-4DD5-4736-08DC57988B3B','5CAD2A57-86FC-4D6A-DDCD-08DC57988AAD')

INSERT INTO Restaurants
VALUES ('98BB2517-E9A4-4E75-2127-08DC57996799','Пицария грация','09999999999', NULL, 'България' ,'Бургас','Улица','0923',0.00),
('DFEAE8C1-1884-4891-2128-08DC57996799','Суши ресторант','09999999999',NULL ,'България','Бургас','Улица','0923',0.00),
('C6EB7D16-D2E6-4D4B-2129-08DC57996799', 'Мексикански ресторант','09999999999', NULL, 'България','Бургас','Улица','0923',0.00)

INSERT INTO Bookings
VALUES ('BDB3FB35-443B-4294-7F90-08DC579CF71C',45,'2024-04-13 00:25:00.0000000',1,'DFEAE8C1-1884-4891-2128-08DC57996799','B17A7108-BE76-4609-4737-08DC57988B3B'),
	   ('6475ED1D-ECA9-4337-F561-08DC579F938B',1,'2024-04-12 22:45:00.0000000',0,'DFEAE8C1-1884-4891-2128-08DC57996799','B17A7108-BE76-4609-4737-08DC57988B3B')

INSERT INTO Orders
VALUES 
('604CD394-E3BD-476B-0D6D-08DC579BADBB', '2024-04-08 10:16:06.3784575', NULL, 2, '98BB2517-E9A4-4E75-2127-08DC57996799', 'B17A7108-BE76-4609-4737-08DC57988B3B', NULL),
('636558AD-B1CE-4CE7-0D6E-08DC579BADBB', '2024-04-08 10:43:49.1231347', NULL, 2, 'DFEAE8C1-1884-4891-2128-08DC57996799', 'B17A7108-BE76-4609-4737-08DC57988B3B', NULL),
('E41F8895-188A-4E53-CD14-08DC579FACBA', '2024-04-08 10:44:29.9060284', NULL, 2, '98BB2517-E9A4-4E75-2127-08DC57996799', 'B17A7108-BE76-4609-4737-08DC57988B3B', NULL)

INSERT INTO Dishes
VALUES('90C52320-FE89-4469-F7CE-08DC579A70C5','Пица ','Кратка информация за ястието',12.50,NULL,5,'98BB2517-E9A4-4E75-2127-08DC57996799','892cb23d-2e3e-4bbb-4738-08dc57988b3b','2024-04-08 07:06:40.9132332','892cb23d-2e3e-4bbb-4738-08dc57988b3b','2024-04-08 07:06:40.9132332'),
('DD923A07-8875-440D-F7CF-08DC579A70C5','Пица Поло','Кратка информация за ястието',12.50,NULL,5,'98BB2517-E9A4-4E75-2127-08DC57996799','892cb23d-2e3e-4bbb-4738-08dc57988b3b','2024-04-08 07:06:40.9132332','892cb23d-2e3e-4bbb-4738-08dc57988b3b','2024-04-08 07:06:40.9132332'),
('BAE39FB1-18E6-4E02-F7D0-08DC579A70C5','Салата 1','Кратка информация за ястието',12.50,NULL,6,'98BB2517-E9A4-4E75-2127-08DC57996799','892cb23d-2e3e-4bbb-4738-08dc57988b3b','2024-04-08 07:06:40.9132332','892cb23d-2e3e-4bbb-4738-08dc57988b3b','2024-04-08 07:06:40.9132332'),
('C90255EA-BF92-4CF9-F7D1-08DC579A70C5','Салата 2','Кратка информация за ястието',12.50,NULL,6,'98BB2517-E9A4-4E75-2127-08DC57996799','892cb23d-2e3e-4bbb-4738-08dc57988b3b','2024-04-08 07:06:40.9132332','892cb23d-2e3e-4bbb-4738-08dc57988b3b','2024-04-08 07:06:40.9132332'),
('857AFA05-0848-4B22-F7D2-08DC579A70C5','Месо 1','Кратка информация за ястието',12.50,NULL,2,'98BB2517-E9A4-4E75-2127-08DC57996799','892cb23d-2e3e-4bbb-4738-08dc57988b3b','2024-04-08 07:06:40.9132332','892cb23d-2e3e-4bbb-4738-08dc57988b3b','2024-04-08 07:06:40.9132332'),
('CA3C2B84-832D-4915-F7D3-08DC579A70C5','Пица 1','Кратка информация за ястието',12.50,NULL,5,'DFEAE8C1-1884-4891-2128-08DC57996799','91a2c661-272b-45c3-4739-08dc57988b3b','2024-04-08 07:06:40.9132332','91a2c661-272b-45c3-4739-08dc57988b3b','2024-04-08 07:06:40.9132332'),
('DCBA73EE-F3E2-48F6-F7D4-08DC579A70C5','Салата 1','Кратка информация за ястието',12.50,NULL,6,'DFEAE8C1-1884-4891-2128-08DC57996799','91a2c661-272b-45c3-4739-08dc57988b3b','2024-04-08 07:06:40.9132332','91a2c661-272b-45c3-4739-08dc57988b3b','2024-04-08 07:06:40.9132332'),
('CBD3DC11-6237-4839-F7D5-08DC579A70C5','Месо 1','Кратка информация за ястието',12.50,NULL,2,'DFEAE8C1-1884-4891-2128-08DC57996799','91a2c661-272b-45c3-4739-08dc57988b3b','2024-04-08 07:06:40.9132332','91a2c661-272b-45c3-4739-08dc57988b3b','2024-04-08 07:06:40.9132332')

INSERT INTO OrdersDishes
VALUES 
('41CDFD31-CA26-410D-ABCB-08DC579BADCD', '604CD394-E3BD-476B-0D6D-08DC579BADBB', 'BAE39FB1-18E6-4E02-F7D0-08DC579A70C5', 2),
('DD558910-FAE5-4520-ABCC-08DC579BADCD', '604CD394-E3BD-476B-0D6D-08DC579BADBB', 'C90255EA-BF92-4CF9-F7D1-08DC579A70C5', 2),
('EFCBFBEB-A09C-4BE1-ABCD-08DC579BADCD', '636558AD-B1CE-4CE7-0D6E-08DC579BADBB', 'CBD3DC11-6237-4839-F7D5-08DC579A70C5', 2),
('B8395B1C-AA23-41F8-DF49-08DC579F98B9', '636558AD-B1CE-4CE7-0D6E-08DC579BADBB', 'CA3C2B84-832D-4915-F7D3-08DC579A70C5', 2),
('28068368-2608-47BF-DF4A-08DC579F98B9', 'E41F8895-188A-4E53-CD14-08DC579FACBA', 'DD923A07-8875-440D-F7CF-08DC579A70C5', 2),
('DDD13389-3D69-4146-DF4B-08DC579F98B9', 'E41F8895-188A-4E53-CD14-08DC579FACBA', 'BAE39FB1-18E6-4E02-F7D0-08DC579A70C5', 3)